R2,MAE,RMSE,MAPE,n,model,target,horizon,infra,n_train
-39.6151,22.5164,22.7814,97.51,83074,Persistence,Measured T,11min,ALL,119253
-2.8494,6.3069,7.0134,26.06,83074,HistMean,Measured T,11min,ALL,119253
0.9858,0.2583,0.4266,1.09,83074,LightGBM,Measured T,11min,ALL,119253
0.9487,0.2475,0.4189,1.03,8081,LightGBM,Measured T,11min,Brick First Floor,119253
0.9713,0.2688,0.415,1.08,13011,LightGBM,Measured T,11min,Brick Second Floor,119253
0.9798,0.2007,0.3058,0.82,16741,LightGBM,Measured T,11min,Brick Single Story,119253
0.9895,0.285,0.4765,1.26,16396,LightGBM,Measured T,11min,Container No Insulation,119253
0.983,0.2943,0.5033,1.18,7683,LightGBM,Measured T,11min,Container With Insulation,119253
0.9877,0.2678,0.4467,1.15,21162,LightGBM,Measured T,11min,Mobile/Prefab,119253
-39.6892,22.5192,22.7839,97.5,82994,Persistence,Measured T,33min,ALL,119249
-2.8594,6.3107,7.0169,26.07,82994,HistMean,Measured T,33min,ALL,119249
0.9367,0.6157,0.8988,2.54,82994,LightGBM,Measured T,33min,ALL,119249
0.8137,0.5841,0.7981,2.39,8067,LightGBM,Measured T,33min,Brick First Floor,119249
0.8646,0.6394,0.9004,2.55,12997,LightGBM,Measured T,33min,Brick Second Floor,119249
0.8971,0.5108,0.6893,2.05,16725,LightGBM,Measured T,33min,Brick Single Story,119249
0.9556,0.6616,0.9792,2.91,16380,LightGBM,Measured T,33min,Container No Insulation,119249
0.9084,0.8026,1.165,3.16,7675,LightGBM,Measured T,33min,Container With Insulation,119249
0.9496,0.5927,0.9046,2.48,21150,LightGBM,Measured T,33min,Mobile/Prefab,119249
-39.8033,22.523,22.7875,97.5,82872,Persistence,Measured T,1h,ALL,119243
-2.8746,6.3159,7.022,26.09,82872,HistMean,Measured T,1h,ALL,119243
0.8788,0.8666,1.2419,3.61,82872,LightGBM,Measured T,1h,ALL,119243
0.696,0.7325,1.0186,2.98,8046,LightGBM,Measured T,1h,Brick First Floor,119243
0.7149,0.917,1.3046,3.65,12976,LightGBM,Measured T,1h,Brick Second Floor,119243
0.8281,0.6437,0.8894,2.59,16701,LightGBM,Measured T,1h,Brick Single Story,119243
0.9089,1.0078,1.4004,4.48,16356,LightGBM,Measured T,1h,Container No Insulation,119243
0.81,1.2081,1.674,4.79,7663,LightGBM,Measured T,1h,Container With Insulation,119243
0.9107,0.8299,1.204,3.53,21130,LightGBM,Measured T,1h,Mobile/Prefab,119243
-40.29,22.5342,22.7984,97.49,82464,Persistence,Measured T,3h,ALL,119223
-2.9322,6.3305,7.0356,26.12,82464,HistMean,Measured T,3h,ALL,119223
0.9057,30.3153,72.9092,4.87,72002,LinearRegression,Measured CO2,11min,ALL,119171
0.7265,28.4312,67.2883,5.33,8079,LinearRegression,Measured CO2,11min,Brick First Floor,119171
0.8827,28.6822,79.4148,4.25,13011,LinearRegression,Measured CO2,11min,Brick Second Floor,119171
0.8913,24.7609,56.8349,4.29,16740,LinearRegression,Measured CO2,11min,Brick Single Story,119171
0.9421,37.9598,84.1344,5.29,16393,LinearRegression,Measured CO2,11min,Container No Insulation,119171
0.8369,34.8598,90.4604,5.52,4917,LinearRegression,Measured CO2,11min,Container With Insulation,119171
0.7916,28.8994,64.6508,5.18,12862,LinearRegression,Measured CO2,11min,Mobile/Prefab,119171
0.6984,60.8897,130.3718,9.99,71914,LinearRegression,Measured CO2,33min,ALL,119154
0.39,50.9203,100.4376,9.83,8061,LinearRegression,Measured CO2,33min,Brick First Floor,119154
0.6219,56.4658,142.6316,8.55,12997,LinearRegression,Measured CO2,33min,Brick Second Floor,119154
0.6216,48.821,106.0675,8.49,16722,LinearRegression,Measured CO2,33min,Brick Single Story,119154
0.7746,82.7125,165.9608,11.78,16371,LinearRegression,Measured CO2,33min,Container No Insulation,119154
0.5491,74.5404,150.3809,12.36,4911,LinearRegression,Measured CO2,33min,Container With Insulation,119154
0.5091,54.3053,99.2069,10.31,12852,LinearRegression,Measured CO2,33min,Mobile/Prefab,119154
0.5137,83.4559,165.5803,14.07,71781,LinearRegression,Measured CO2,1h,ALL,119129
0.217,66.3723,113.8859,13.22,8034,LinearRegression,Measured CO2,1h,Brick First Floor,119129
0.4062,76.8083,178.8686,12.18,12976,LinearRegression,Measured CO2,1h,Brick Second Floor,119129
0.3646,68.3156,137.5427,12.23,16695,LinearRegression,Measured CO2,1h,Brick Single Story,119129
0.6059,116.7084,219.4482,16.87,16338,LinearRegression,Measured CO2,1h,Container No Insulation,119129
0.3085,100.3812,186.367,17.11,4902,LinearRegression,Measured CO2,1h,Container With Insulation,119129
0.3173,71.7721,117.0158,14.15,12836,LinearRegression,Measured CO2,1h,Mobile/Prefab,119129
0.3368,109.57,193.6918,19.3,71347,LinearRegression,Measured CO2,3h,ALL,119059
0.0845,83.8006,123.4867,17.46,7954,LinearRegression,Measured CO2,3h,Brick First Floor,119059
0.177,104.6251,211.1188,17.62,12906,LinearRegression,Measured CO2,3h,Brick Second Floor,119059
0.2089,89.4157,153.7243,16.91,16605,LinearRegression,Measured CO2,3h,Brick Single Story,119059
0.4376,153.17,262.6225,23.04,16228,LinearRegression,Measured CO2,3h,Container No Insulation,119059
0.0415,130.2056,219.977,22.97,4872,LinearRegression,Measured CO2,3h,Container With Insulation,119059
0.0924,93.5608,134.9446,19.12,12782,LinearRegression,Measured CO2,3h,Mobile/Prefab,119059
0.2712,119.013,203.5541,21.19,70609,LinearRegression,Measured CO2,6h,ALL,118970
-0.0424,92.7243,132.3009,19.56,7818,LinearRegression,Measured CO2,6h,Brick First Floor,118970
0.1427,111.5746,216.4189,19.14,12787,LinearRegression,Measured CO2,6h,Brick Second Floor,118970
0.1594,93.4699,157.0218,17.81,16452,LinearRegression,Measured CO2,6h,Brick Single Story,118970
0.3424,172.6965,285.2643,26.43,16041,LinearRegression,Measured CO2,6h,Container No Insulation,118970
0.0204,143.4469,223.3137,25.76,4821,LinearRegression,Measured CO2,6h,Container With Insulation,118970
0.0667,98.6776,137.0865,20.29,12690,LinearRegression,Measured CO2,6h,Mobile/Prefab,118970
0.8369,1.0925,2.382,31.49,83074,LinearRegression,Measured PM2.5,11min,ALL,119252
0.9021,1.2284,2.044,29.57,8081,LinearRegression,Measured PM2.5,11min,Brick First Floor,119252
0.6501,1.3336,3.9795,31.87,13011,LinearRegression,Measured PM2.5,11min,Brick Second Floor,119252
0.9083,1.0708,1.6873,30.18,16741,LinearRegression,Measured PM2.5,11min,Brick Single Story,119252
0.8187,1.1288,2.6651,28.68,16396,LinearRegression,Measured PM2.5,11min,Container No Insulation,119252
0.8974,1.0101,1.7314,29.08,7683,LinearRegression,Measured PM2.5,11min,Container With Insulation,119252
0.909,0.9114,1.4483,37.24,21162,LinearRegression,Measured PM2.5,11min,Mobile/Prefab,119252
0.7607,1.3855,2.8841,38.96,82994,LinearRegression,Measured PM2.5,33min,ALL,119246
0.8225,1.626,2.7542,38.39,8067,LinearRegression,Measured PM2.5,33min,Brick First Floor,119246
0.5557,1.6785,4.4865,40.6,12997,LinearRegression,Measured PM2.5,33min,Brick Second Floor,119246
0.8389,1.3932,2.2371,38.83,16725,LinearRegression,Measured PM2.5,33min,Brick Single Story,119246
0.7327,1.3859,3.2337,33.68,16380,LinearRegression,Measured PM2.5,33min,Container No Insulation,119246
0.8238,1.2799,2.2574,34.48,7675,LinearRegression,Measured PM2.5,33min,Container With Insulation,119246
0.8492,1.1457,1.8631,45.38,21150,LinearRegression,Measured PM2.5,33min,Mobile/Prefab,119246
0.6597,1.8042,3.4399,51.46,82872,LinearRegression,Measured PM2.5,1h,ALL,119237
0.7218,2.1504,3.4516,50.75,8046,LinearRegression,Measured PM2.5,1h,Brick First Floor,119237
0.4767,2.1358,4.8721,54.06,12976,LinearRegression,Measured PM2.5,1h,Brick Second Floor,119237
0.7323,1.8395,2.8857,51.97,16701,LinearRegression,Measured PM2.5,1h,Brick Single Story,119237
0.6092,1.7468,3.9107,42.28,16356,LinearRegression,Measured PM2.5,1h,Container No Insulation,119237
0.7035,1.6845,2.9295,45.69,7663,LinearRegression,Measured PM2.5,1h,Container With Insulation,119237
0.7486,1.5287,2.4002,61.02,21130,LinearRegression,Measured PM2.5,1h,Mobile/Prefab,119237
0.3692,2.8772,4.6895,86.76,82464,LinearRegression,Measured PM2.5,3h,ALL,119207
0.3885,3.4967,5.139,85.29,7976,LinearRegression,Measured PM2.5,3h,Brick First Floor,119207
0.2681,3.2747,5.762,90.67,12906,LinearRegression,Measured PM2.5,3h,Brick Second Floor,119207
0.383,2.9825,4.3874,87.04,16621,LinearRegression,Measured PM2.5,3h,Brick Single Story,119207
0.3349,2.6792,5.1102,69.47,16276,LinearRegression,Measured PM2.5,3h,Container No Insulation,119207
0.3561,2.6943,4.3235,74.9,7623,LinearRegression,Measured PM2.5,3h,Container With Insulation,119207
0.4068,2.5353,3.6909,106.66,21062,LinearRegression,Measured PM2.5,3h,Mobile/Prefab,119207
0.0596,3.8398,5.7427,119.68,81771,LinearRegression,Measured PM2.5,6h,ALL,119172
0.0808,4.5188,6.3409,113.64,7857,LinearRegression,Measured PM2.5,6h,Brick First Floor,119172
0.0443,4.3511,6.6079,122.78,12787,LinearRegression,Measured PM2.5,6h,Brick Second Floor,119172
-0.0116,4.0082,5.6206,118.07,16485,LinearRegression,Measured PM2.5,6h,Brick Single Story,119172
0.1094,3.4341,5.9353,93.26,16140,LinearRegression,Measured PM2.5,6h,Container No Insulation,119172
-0.0233,3.5633,5.4669,103.51,7555,LinearRegression,Measured PM2.5,6h,Container With Insulation,119172
-0.0505,3.5526,4.9213,154.87,20947,LinearRegression,Measured PM2.5,6h,Mobile/Prefab,119172
0.8058,1.265,2.8384,35.39,83074,LinearRegression,Measured PM10,11min,ALL,119252
0.8905,1.3817,2.3063,33.43,8081,LinearRegression,Measured PM10,11min,Brick First Floor,119252
0.5609,1.6795,5.1378,38.61,13011,LinearRegression,Measured PM10,11min,Brick Second Floor,119252
0.9,1.1928,1.8651,33.24,16741,LinearRegression,Measured PM10,11min,Brick Single Story,119252
0.8276,1.2827,2.838,31.46,16396,LinearRegression,Measured PM10,11min,Container No Insulation,119252
0.8838,1.1283,1.988,31.44,7683,LinearRegression,Measured PM10,11min,Container With Insulation,119252
0.8917,1.0586,1.7142,41.48,21162,LinearRegression,Measured PM10,11min,Mobile/Prefab,119252
0.7283,1.5541,3.3556,42.42,82994,LinearRegression,Measured PM10,33min,ALL,119246
0.8094,1.7789,3.0453,42.2,8067,LinearRegression,Measured PM10,33min,Brick First Floor,119246
0.4682,2.0465,5.657,48.03,12997,LinearRegression,Measured PM10,33min,Brick Second Floor,119246
0.8273,1.5294,2.4521,42.37,16725,LinearRegression,Measured PM10,33min,Brick Single Story,119246
0.738,1.5329,3.4946,35.98,16380,LinearRegression,Measured PM10,33min,Container No Insulation,119246
0.8157,1.3801,2.4848,36.11,7675,LinearRegression,Measured PM10,33min,Container With Insulation,119246
0.8328,1.265,2.1281,47.44,21150,LinearRegression,Measured PM10,33min,Mobile/Prefab,119246
0.6291,1.972,3.9204,54.19,82872,LinearRegression,Measured PM10,1h,ALL,119237
0.7059,2.3231,3.7869,54.88,8046,LinearRegression,Measured PM10,1h,Brick First Floor,119237
0.3984,2.5173,6.0208,61.66,12976,LinearRegression,Measured PM10,1h,Brick Second Floor,119237
0.717,1.9947,3.1406,55.72,16701,LinearRegression,Measured PM10,1h,Brick Single Story,119237
0.6126,1.8857,4.2503,43.88,16356,LinearRegression,Measured PM10,1h,Container No Insulation,119237
0.6931,1.7914,3.2078,46.88,7663,LinearRegression,Measured PM10,1h,Container With Insulation,119237
0.7387,1.6176,2.6543,60.1,21130,LinearRegression,Measured PM10,1h,Mobile/Prefab,119237
0.3453,3.0977,5.2129,90.33,82464,LinearRegression,Measured PM10,3h,ALL,119207
0.3664,3.7379,5.5813,90.7,7976,LinearRegression,Measured PM10,3h,Brick First Floor,119207
0.2129,3.6938,6.8736,98.42,12906,LinearRegression,Measured PM10,3h,Brick Second Floor,119207
0.3626,3.1898,4.7211,91.82,16621,LinearRegression,Measured PM10,3h,Brick Single Story,119207
0.3302,2.8714,5.5982,71.67,16276,LinearRegression,Measured PM10,3h,Container No Insulation,119207
0.3504,2.852,4.6733,77.48,7623,LinearRegression,Measured PM10,3h,Container With Insulation,119207
0.4098,2.6812,3.9918,106.48,21062,LinearRegression,Measured PM10,3h,Mobile/Prefab,119207
0.0457,4.1462,6.3121,126.54,81771,LinearRegression,Measured PM10,6h,ALL,119172
0.0602,4.8193,6.8405,120.54,7857,LinearRegression,Measured PM10,6h,Brick First Floor,119172
0.0201,4.873,7.6975,133.84,12787,LinearRegression,Measured PM10,6h,Brick Second Floor,119172
-0.0348,4.2818,6.018,125.07,16485,LinearRegression,Measured PM10,6h,Brick Single Story,119172
0.1038,3.7057,6.4989,98.63,16140,LinearRegression,Measured PM10,6h,Container No Insulation,119172
-0.0273,3.8187,5.8949,109.26,7555,LinearRegression,Measured PM10,6h,Container With Insulation,119172
-0.0418,3.8008,5.3137,159.64,20947,LinearRegression,Measured PM10,6h,Mobile/Prefab,119172
0.9373,0.4841,0.8952,1.94,83074,XGBoost,Measured T,11min,ALL,119253
0.5999,0.6754,1.1703,2.7,8081,XGBoost,Measured T,11min,Brick First Floor,119253
0.8865,0.4699,0.8254,1.86,13011,XGBoost,Measured T,11min,Brick Second Floor,119253
0.8518,0.4448,0.8282,1.78,16741,XGBoost,Measured T,11min,Brick Single Story,119253
0.9588,0.522,0.945,2.14,16396,XGBoost,Measured T,11min,Container No Insulation,119253
0.9342,0.5349,0.989,2.04,7683,XGBoost,Measured T,11min,Container With Insulation,119253
0.9622,0.4031,0.7837,1.62,21162,XGBoost,Measured T,11min,Mobile/Prefab,119253
0.8768,0.83,1.2539,3.36,82994,XGBoost,Measured T,33min,ALL,119249
0.6002,0.8834,1.1692,3.62,8067,XGBoost,Measured T,33min,Brick First Floor,119249
0.7639,0.8381,1.1892,3.33,12997,XGBoost,Measured T,33min,Brick Second Floor,119249
0.7956,0.7017,0.9713,2.83,16725,XGBoost,Measured T,33min,Brick Single Story,119249
0.9106,0.9052,1.3897,3.84,16380,XGBoost,Measured T,33min,Container No Insulation,119249
0.8276,1.0382,1.5984,4.01,7675,XGBoost,Measured T,33min,Container With Insulation,119249
0.9009,0.7724,1.2689,3.11,21150,XGBoost,Measured T,33min,Mobile/Prefab,119249
0.8432,1.0136,1.4124,4.2,82872,XGBoost,Measured T,1h,ALL,119243
0.5445,0.9839,1.2469,4.02,8046,XGBoost,Measured T,1h,Brick First Floor,119243
0.6892,1.0231,1.3622,4.08,12976,XGBoost,Measured T,1h,Brick Second Floor,119243
0.7201,0.8857,1.1348,3.59,16701,XGBoost,Measured T,1h,Brick Single Story,119243
0.8918,1.0893,1.5264,4.82,16356,XGBoost,Measured T,1h,Container No Insulation,119243
0.7658,1.2935,1.8583,5.09,7663,XGBoost,Measured T,1h,Container With Insulation,119243
0.8756,0.9601,1.4208,4.01,21130,XGBoost,Measured T,1h,Mobile/Prefab,119243
0.4355,2.0361,2.6657,8.38,82464,XGBoost,Measured T,3h,ALL,119223
-0.0526,1.5398,1.8869,6.25,7976,XGBoost,Measured T,3h,Brick First Floor,119223
0.0831,1.8589,2.3243,7.34,12906,XGBoost,Measured T,3h,Brick Second Floor,119223
0.1448,1.5973,1.9702,6.41,16621,XGBoost,Measured T,3h,Brick Single Story,119223
0.4772,2.5884,3.3248,11.22,16276,XGBoost,Measured T,3h,Container No Insulation,119223
0.2444,2.5791,3.3073,10.2,7623,XGBoost,Measured T,3h,Container With Insulation,119223
0.529,2.0553,2.7566,8.54,21062,XGBoost,Measured T,3h,Mobile/Prefab,119223
-0.3143,3.2457,4.0207,13.43,81771,XGBoost,Measured T,6h,ALL,119205
-1.4176,2.4983,2.8321,10.19,7857,XGBoost,Measured T,6h,Brick First Floor,119205
-1.0344,2.9119,3.4174,11.53,12787,XGBoost,Measured T,6h,Brick Second Floor,119205
-1.131,2.6612,3.0646,10.77,16485,XGBoost,Measured T,6h,Brick Single Story,119205
-0.3665,4.3234,5.2873,18.58,16140,XGBoost,Measured T,6h,Container No Insulation,119205
-0.5559,3.7805,4.6452,14.97,7555,XGBoost,Measured T,6h,Container With Insulation,119205
-0.0234,3.1666,4.0318,13.36,20947,XGBoost,Measured T,6h,Mobile/Prefab,119205
0.9409,0.9901,1.9494,2.33,83074,XGBoost,Measured RH,11min,ALL,119253
0.9248,0.9301,1.8201,2.2,8081,XGBoost,Measured RH,11min,Brick First Floor,119253
0.9271,0.8773,1.7155,2.15,13011,XGBoost,Measured RH,11min,Brick Second Floor,119253
0.9015,0.8659,1.749,2.14,16741,XGBoost,Measured RH,11min,Brick Single Story,119253
0.9485,1.2472,2.4293,2.91,16396,XGBoost,Measured RH,11min,Container No Insulation,119253
0.8657,1.1547,2.3571,2.57,7683,XGBoost,Measured RH,11min,Container With Insulation,119253
0.9495,0.9215,1.6835,2.09,21162,XGBoost,Measured RH,11min,Mobile/Prefab,119253
0.8656,1.7132,2.9367,3.92,82994,XGBoost,Measured RH,33min,ALL,119249
0.84,1.5626,2.6577,3.61,8067,XGBoost,Measured RH,33min,Brick First Floor,119249
0.8467,1.4971,2.4887,3.55,12997,XGBoost,Measured RH,33min,Brick Second Floor,119249
0.8056,1.4543,2.4577,3.46,16725,XGBoost,Measured RH,33min,Brick Single Story,119249
0.8613,2.3098,3.9833,5.29,16380,XGBoost,Measured RH,33min,Container No Insulation,119249
0.7442,1.9891,3.2464,4.28,7675,XGBoost,Measured RH,33min,Container With Insulation,119249
0.8849,1.5459,2.5401,3.46,21150,XGBoost,Measured RH,33min,Mobile/Prefab,119249
0.7619,2.5705,3.9058,5.74,82872,XGBoost,Measured RH,1h,ALL,119243
0.7221,2.3398,3.5083,5.3,8046,XGBoost,Measured RH,1h,Brick First Floor,119243
0.7394,2.2357,3.2452,5.15,12976,XGBoost,Measured RH,1h,Brick Second Floor,119243
0.6712,2.2001,3.1979,5.06,16701,XGBoost,Measured RH,1h,Brick Single Story,119243
0.746,3.5831,5.3793,7.91,16356,XGBoost,Measured RH,1h,Container No Insulation,119243
0.6012,2.7375,4.0424,5.8,7663,XGBoost,Measured RH,1h,Container With Insulation,119243
0.781,2.3125,3.5028,5.1,21130,XGBoost,Measured RH,1h,Mobile/Prefab,119243
0.307,4.8195,6.6488,10.64,82464,XGBoost,Measured RH,3h,ALL,119223
0.3777,3.8202,5.277,8.57,7976,XGBoost,Measured RH,3h,Brick First Floor,119223
0.543,3.1547,4.297,7.17,12906,XGBoost,Measured RH,3h,Brick Second Floor,119223
0.3643,3.332,4.4534,7.52,16621,XGBoost,Measured RH,3h,Brick Single Story,119223
0.2898,6.59,8.9391,14.4,16276,XGBoost,Measured RH,3h,Container No Insulation,119223
-0.4029,5.9264,7.5179,12.58,7623,XGBoost,Measured RH,3h,Container With Insulation,119223
0.046,5.6233,7.3051,12.41,21062,XGBoost,Measured RH,3h,Mobile/Prefab,119223
-0.2264,6.8228,8.8161,14.94,81771,XGBoost,Measured RH,6h,ALL,119205
-0.1025,5.5144,7.0587,12.41,7857,XGBoost,Measured RH,6h,Brick First Floor,119205
0.0807,4.813,6.086,10.94,12787,XGBoost,Measured RH,6h,Brick Second Floor,119205
-0.2668,5.0496,6.2977,11.45,16485,XGBoost,Measured RH,6h,Brick Single Story,119205
-0.1457,8.5148,11.2739,18.34,16140,XGBoost,Measured RH,6h,Container No Insulation,119205
-1.8876,8.993,10.6578,18.96,7555,XGBoost,Measured RH,6h,Container With Insulation,119205
-0.6504,7.8494,9.5914,17.02,20947,XGBoost,Measured RH,6h,Mobile/Prefab,119205
0.8606,34.1534,88.6562,5.48,72002,XGBoost,Measured CO2,11min,ALL,119171
0.6695,34.757,73.9633,7.02,8079,XGBoost,Measured CO2,11min,Brick First Floor,119171
0.8473,33.6839,90.5859,5.18,13011,XGBoost,Measured CO2,11min,Brick Second Floor,119171
0.8671,26.9037,62.8374,4.78,16740,XGBoost,Measured CO2,11min,Brick Single Story,119171
0.8788,46.6008,121.752,6.31,16393,XGBoost,Measured CO2,11min,Container No Insulation,119171
0.8168,34.5756,95.8857,5.08,4917,XGBoost,Measured CO2,11min,Container With Insulation,119171
0.7649,27.6588,68.6743,4.83,12862,XGBoost,Measured CO2,11min,Mobile/Prefab,119171
0.5768,72.3491,154.4466,13.79,71914,XGBoost,Measured CO2,33min,ALL,119154
-0.364,78.6879,150.1861,18.16,8061,XGBoost,Measured CO2,33min,Brick First Floor,119154
0.6344,55.8753,140.2491,8.79,12997,XGBoost,Measured CO2,33min,Brick Second Floor,119154
0.5876,52.4192,110.732,10.02,16722,XGBoost,Measured CO2,33min,Brick Single Story,119154
0.6158,115.0304,216.6889,21.98,16371,XGBoost,Measured CO2,33min,Container No Insulation,119154
0.454,74.402,165.4847,12.09,4911,XGBoost,Measured CO2,33min,Container With Insulation,119154
0.3412,55.8119,114.9215,11.24,12852,XGBoost,Measured CO2,33min,Mobile/Prefab,119154
0.1965,109.2787,212.8459,21.92,71781,XGBoost,Measured CO2,1h,ALL,119129
-1.6816,121.9637,210.7649,29.09,8034,XGBoost,Measured CO2,1h,Brick First Floor,119129
0.3538,89.3206,186.5902,15.69,12976,XGBoost,Measured CO2,1h,Brick Second Floor,119129
0.0564,88.5084,167.6134,18.53,16695,XGBoost,Measured CO2,1h,Brick Single Story,119129
0.2902,163.6929,294.5052,31.47,16338,XGBoost,Measured CO2,1h,Container No Insulation,119129
0.0893,107.9416,213.8842,18.5,4902,XGBoost,Measured CO2,1h,Container With Insulation,119129
-0.2932,79.7805,161.0512,17.26,12836,XGBoost,Measured CO2,1h,Mobile/Prefab,119129
-0.2387,171.0589,264.7022,36.06,71347,XGBoost,Measured CO2,3h,ALL,119059
-2.686,182.5604,247.7849,43.71,7954,XGBoost,Measured CO2,3h,Brick First Floor,119059
-0.0319,156.5335,236.405,31.16,12906,XGBoost,Measured CO2,3h,Brick Second Floor,119059
-0.3446,145.2009,200.4118,31.73,16605,XGBoost,Measured CO2,3h,Brick Single Story,119059
-0.1396,227.4957,373.8404,45.72,16228,XGBoost,Measured CO2,3h,Container No Insulation,119059
-0.4328,185.2561,268.9481,35.85,4872,XGBoost,Measured CO2,3h,Container With Insulation,119059
-0.958,135.0967,198.2033,29.72,12782,XGBoost,Measured CO2,3h,Mobile/Prefab,119059
-0.0665,159.2985,246.2359,31.89,70609,XGBoost,Measured CO2,6h,ALL,118970
-1.2875,149.6066,195.9819,34.75,7818,XGBoost,Measured CO2,6h,Brick First Floor,118970
0.0554,136.9189,227.1659,25.9,12787,XGBoost,Measured CO2,6h,Brick Second Floor,118970
-0.2539,127.6283,191.7782,26.92,16452,XGBoost,Measured CO2,6h,Brick Single Story,118970
0.0463,230.4427,343.5399,42.69,16041,XGBoost,Measured CO2,6h,Container No Insulation,118970
-0.7217,194.1709,296.0515,36.89,4821,XGBoost,Measured CO2,6h,Container With Insulation,118970
-0.5664,125.7,177.5957,27.04,12690,XGBoost,Measured CO2,6h,Mobile/Prefab,118970
0.693,1.22,2.1516,51.05,83074,XGBoost,Measured PM1.0,11min,ALL,119252
0.7853,1.3786,1.9596,46.9,8081,XGBoost,Measured PM1.0,11min,Brick First Floor,119252
0.645,1.4978,2.4448,57.13,13011,XGBoost,Measured PM1.0,11min,Brick Second Floor,119252
0.789,1.1641,1.6888,46.65,16741,XGBoost,Measured PM1.0,11min,Brick Single Story,119252
0.5394,1.2938,3.0418,47.93,16396,XGBoost,Measured PM1.0,11min,Container No Insulation,119252
0.7579,1.04,1.6774,44.36,7683,XGBoost,Measured PM1.0,11min,Container With Insulation,119252
0.7329,1.0411,1.6079,59.55,21162,XGBoost,Measured PM1.0,11min,Mobile/Prefab,119252
0.5088,1.638,2.7214,68.04,82994,XGBoost,Measured PM1.0,33min,ALL,119246
0.5589,1.9193,2.8107,67.08,8067,XGBoost,Measured PM1.0,33min,Brick First Floor,119246
0.498,1.9183,2.9086,76.96,12997,XGBoost,Measured PM1.0,33min,Brick Second Floor,119246
0.5945,1.5864,2.342,65.97,16725,XGBoost,Measured PM1.0,33min,Brick Single Story,119246
0.3596,1.6807,3.5858,59.94,16380,XGBoost,Measured PM1.0,33min,Container No Insulation,119246
0.551,1.4873,2.2808,59.28,7675,XGBoost,Measured PM1.0,33min,Container With Insulation,119246
0.5168,1.421,2.1599,76.58,21150,XGBoost,Measured PM1.0,33min,Mobile/Prefab,119246
0.4305,1.8705,2.9304,75.01,82872,XGBoost,Measured PM1.0,1h,ALL,119237
0.3693,2.5266,3.3651,87.57,8046,XGBoost,Measured PM1.0,1h,Brick First Floor,119237
0.4297,2.1539,3.1022,82.12,12976,XGBoost,Measured PM1.0,1h,Brick Second Floor,119237
0.4961,1.8295,2.6121,70.82,16701,XGBoost,Measured PM1.0,1h,Brick Single Story,119237
0.3608,1.7317,3.5839,60.64,16356,XGBoost,Measured PM1.0,1h,Container No Insulation,119237
0.4513,1.6451,2.5226,67.47,7663,XGBoost,Measured PM1.0,1h,Container With Insulation,119237
0.3944,1.6683,2.4116,86.79,21130,XGBoost,Measured PM1.0,1h,Mobile/Prefab,119237
-0.019,2.8091,3.9257,116.26,82464,XGBoost,Measured PM1.0,3h,ALL,119207
-0.3251,3.9302,4.8976,139.92,7976,XGBoost,Measured PM1.0,3h,Brick First Floor,119207
-0.1576,3.4413,4.4228,143.79,12906,XGBoost,Measured PM1.0,3h,Brick Second Floor,119207
-0.1191,3.049,3.8983,125.48,16621,XGBoost,Measured PM1.0,3h,Brick Single Story,119207
0.112,2.3917,4.2315,87.05,16276,XGBoost,Measured PM1.0,3h,Container No Insulation,119207
0.142,2.2463,3.1595,89.71,7623,XGBoost,Measured PM1.0,3h,Container With Insulation,119207
-0.0212,2.3339,3.135,116.83,21062,XGBoost,Measured PM1.0,3h,Mobile/Prefab,119207
-0.3859,3.5791,4.5909,151.56,81771,XGBoost,Measured PM1.0,6h,ALL,119172
-0.4309,4.2488,5.1224,154.38,7857,XGBoost,Measured PM1.0,6h,Brick First Floor,119172
-0.52,4.2682,5.0844,185.22,12787,XGBoost,Measured PM1.0,6h,Brick Second Floor,119172
-0.7559,4.106,4.8834,179.02,16485,XGBoost,Measured PM1.0,6h,Brick Single Story,119172
-0.0745,2.9479,4.672,109.63,16140,XGBoost,Measured PM1.0,6h,Container No Insulation,119172
-0.2425,2.955,3.8133,124.63,7555,XGBoost,Measured PM1.0,6h,Container With Insulation,119172
-0.638,3.204,3.9779,152.03,20947,XGBoost,Measured PM1.0,6h,Mobile/Prefab,119172
0.613,2.0261,3.6693,64.45,83074,XGBoost,Measured PM2.5,11min,ALL,119252
0.7763,2.0112,3.0894,53.24,8081,XGBoost,Measured PM2.5,11min,Brick First Floor,119252
0.3628,2.8714,5.3702,84.67,13011,XGBoost,Measured PM2.5,11min,Brick Second Floor,119252
0.696,1.9019,3.0722,58.47,16741,XGBoost,Measured PM2.5,11min,Brick Single Story,119252
0.5471,2.0623,4.2116,58.34,16396,XGBoost,Measured PM2.5,11min,Container No Insulation,119252
0.6691,1.9208,3.1097,60.15,7683,XGBoost,Measured PM2.5,11min,Container With Insulation,119252
0.7068,1.6206,2.5995,67.88,21162,XGBoost,Measured PM2.5,11min,Mobile/Prefab,119252
0.4746,2.5809,4.2738,82.75,82994,XGBoost,Measured PM2.5,33min,ALL,119246
0.5736,3.0703,4.2686,87.5,8067,XGBoost,Measured PM2.5,33min,Brick First Floor,119246
0.2329,3.5803,5.8949,112.86,12997,XGBoost,Measured PM2.5,33min,Brick Second Floor,119246
0.5715,2.4644,3.649,76.58,16725,XGBoost,Measured PM2.5,33min,Brick Single Story,119246
0.4236,2.4306,4.7482,67.59,16380,XGBoost,Measured PM2.5,33min,Container No Insulation,119246
0.5141,2.277,3.7493,67.35,7675,XGBoost,Measured PM2.5,33min,Container With Insulation,119246
0.5534,2.0988,3.2063,85.47,21150,XGBoost,Measured PM2.5,33min,Mobile/Prefab,119246
0.3269,3.2868,4.8378,113.27,82872,XGBoost,Measured PM2.5,1h,ALL,119237
0.3468,4.0109,5.2892,120.65,8046,XGBoost,Measured PM2.5,1h,Brick First Floor,119237
0.076,4.5016,6.4741,153.0,12976,XGBoost,Measured PM2.5,1h,Brick Second Floor,119237
0.3934,3.1998,4.344,107.45,16701,XGBoost,Measured PM2.5,1h,Brick Single Story,119237
0.38,2.8446,4.9254,86.77,16356,XGBoost,Measured PM2.5,1h,Container No Insulation,119237
0.4389,2.7823,4.0303,87.42,7663,XGBoost,Measured PM2.5,1h,Container With Insulation,119237
0.31,2.8589,3.9767,123.11,21130,XGBoost,Measured PM2.5,1h,Mobile/Prefab,119237
-0.1369,4.6339,6.2958,160.18,82464,XGBoost,Measured PM2.5,3h,ALL,119207
-0.3059,5.981,7.5099,185.92,7976,XGBoost,Measured PM2.5,3h,Brick First Floor,119207
-0.4785,6.2837,8.1898,208.6,12906,XGBoost,Measured PM2.5,3h,Brick Second Floor,119207
-0.2333,4.9357,6.2033,167.6,16621,XGBoost,Measured PM2.5,3h,Brick Single Story,119207
0.1159,3.6682,5.8919,110.12,16276,XGBoost,Measured PM2.5,3h,Container No Insulation,119207
0.0125,4.0121,5.3543,131.13,7623,XGBoost,Measured PM2.5,3h,Container With Insulation,119207
-0.0956,3.8459,5.0163,166.95,21062,XGBoost,Measured PM2.5,3h,Mobile/Prefab,119207
-0.5353,5.7179,7.3375,204.57,81771,XGBoost,Measured PM2.5,6h,ALL,119172
-0.5355,6.7841,8.1952,218.32,7857,XGBoost,Measured PM2.5,6h,Brick First Floor,119172
-0.8054,7.3671,9.0821,254.41,12787,XGBoost,Measured PM2.5,6h,Brick Second Floor,119172
-1.0744,6.7609,8.0488,243.64,16485,XGBoost,Measured PM2.5,6h,Brick Single Story,119172
-0.0816,4.3482,6.541,135.03,16140,XGBoost,Measured PM2.5,6h,Container No Insulation,119172
-0.3769,4.9486,6.3415,168.37,7555,XGBoost,Measured PM2.5,6h,Container With Insulation,119172
-0.5691,4.8232,6.0146,207.82,20947,XGBoost,Measured PM2.5,6h,Mobile/Prefab,119172
0.5357,2.4002,4.389,72.73,83074,XGBoost,Measured PM10,11min,ALL,119252
0.7405,2.3005,3.5503,57.71,8081,XGBoost,Measured PM10,11min,Brick First Floor,119252
-0.0423,4.7106,7.9154,138.41,13011,XGBoost,Measured PM10,11min,Brick Second Floor,119252
0.739,1.8524,3.0131,53.34,16741,XGBoost,Measured PM10,11min,Brick Single Story,119252
0.62,2.2109,4.213,60.08,16396,XGBoost,Measured PM10,11min,Container No Insulation,119252
0.6713,2.0072,3.3436,60.72,7683,XGBoost,Measured PM10,11min,Container With Insulation,119252
0.7311,1.7403,2.7006,66.12,21162,XGBoost,Measured PM10,11min,Mobile/Prefab,119252
0.4079,2.6788,4.9534,76.08,82994,XGBoost,Measured PM10,33min,ALL,119246
0.537,3.0007,4.7459,75.58,8067,XGBoost,Measured PM10,33min,Brick First Floor,119246
-0.2203,5.015,8.5688,140.7,12997,XGBoost,Measured PM10,33min,Brick Second Floor,119246
0.6392,2.2192,3.5443,61.06,16725,XGBoost,Measured PM10,33min,Brick Single Story,119246
0.5248,2.3422,4.7068,57.57,16380,XGBoost,Measured PM10,33min,Container No Insulation,119246
0.5599,2.2255,3.8398,59.63,7675,XGBoost,Measured PM10,33min,Container With Insulation,119246
0.6262,1.909,3.1823,67.24,21150,XGBoost,Measured PM10,33min,Mobile/Prefab,119246
0.1618,3.9624,5.8936,132.26,82872,XGBoost,Measured PM10,1h,ALL,119237
0.2003,4.8159,6.2443,146.23,8046,XGBoost,Measured PM10,1h,Brick First Floor,119237
-0.2597,6.1248,8.712,193.19,12976,XGBoost,Measured PM10,1h,Brick Second Floor,119237
0.2397,3.8154,5.148,124.5,16701,XGBoost,Measured PM10,1h,Brick Single Story,119237
0.3137,3.2215,5.6575,97.37,16356,XGBoost,Measured PM10,1h,Container No Insulation,119237
0.2867,3.4137,4.89,106.13,7663,XGBoost,Measured PM10,1h,Container With Insulation,119237
0.2441,3.1981,4.5142,132.98,21130,XGBoost,Measured PM10,1h,Mobile/Prefab,119237
-0.1699,5.0957,6.9683,173.82,82464,XGBoost,Measured PM10,3h,ALL,119207
-0.3568,6.7536,8.1672,218.75,7976,XGBoost,Measured PM10,3h,Brick First Floor,119207
-0.6374,7.7188,9.9139,248.81,12906,XGBoost,Measured PM10,3h,Brick Second Floor,119207
-0.3004,5.4951,6.7432,187.29,16621,XGBoost,Measured PM10,3h,Brick Single Story,119207
0.1093,4.0191,6.4557,118.22,16276,XGBoost,Measured PM10,3h,Container No Insulation,119207
0.1308,3.8803,5.406,124.51,7623,XGBoost,Measured PM10,3h,Container With Insulation,119207
0.0382,3.8172,5.0956,160.49,21062,XGBoost,Measured PM10,3h,Mobile/Prefab,119207
-0.5912,6.2365,8.1508,222.0,81771,XGBoost,Measured PM10,6h,ALL,119172
-0.6888,7.4903,9.1698,247.93,7857,XGBoost,Measured PM10,6h,Brick First Floor,119172
-0.8118,8.4086,10.4666,280.39,12787,XGBoost,Measured PM10,6h,Brick Second Floor,119172
-1.3334,7.6215,9.0371,275.38,16485,XGBoost,Measured PM10,6h,Brick Single Story,119172
-0.0407,4.4905,7.0033,138.13,16140,XGBoost,Measured PM10,6h,Container No Insulation,119172
-0.3381,5.0777,6.7278,172.3,7555,XGBoost,Measured PM10,6h,Container With Insulation,119172
-0.5695,5.1137,6.5223,219.45,20947,XGBoost,Measured PM10,6h,Mobile/Prefab,119172
0.8978,30.0463,75.909,4.73,72002,RandomForest,Measured CO2,11min,ALL,119171
0.7191,29.9353,68.1927,5.81,8079,RandomForest,Measured CO2,11min,Brick First Floor,119171
0.8808,29.5142,80.0539,4.46,13011,RandomForest,Measured CO2,11min,Brick Second Floor,119171
0.8922,24.4147,56.5858,4.33,16740,RandomForest,Measured CO2,11min,Brick Single Story,119171
0.9288,37.9266,93.3133,4.85,16393,RandomForest,Measured CO2,11min,Container No Insulation,119171
0.8299,32.4325,92.3858,4.79,4917,RandomForest,Measured CO2,11min,Container With Insulation,119171
0.7844,27.0279,65.7651,4.69,12862,RandomForest,Measured CO2,11min,Mobile/Prefab,119171
0.6904,54.4694,132.1003,8.82,71914,RandomForest,Measured CO2,33min,ALL,119154
0.2574,54.1961,110.82,11.15,8061,RandomForest,Measured CO2,33min,Brick First Floor,119154
0.6432,52.0595,138.555,7.83,12997,RandomForest,Measured CO2,33min,Brick Second Floor,119154
0.6441,44.8317,102.8727,7.91,16722,RandomForest,Measured CO2,33min,Brick Single Story,119154
0.755,71.2963,173.0288,9.5,16371,RandomForest,Measured CO2,33min,Container No Insulation,119154
0.5446,64.4566,151.1386,10.35,4911,RandomForest,Measured CO2,33min,Container With Insulation,119154
0.5065,44.367,99.465,8.06,12852,RandomForest,Measured CO2,33min,Mobile/Prefab,119154
0.5015,76.5308,167.6502,13.27,71781,RandomForest,Measured CO2,1h,ALL,119129
-0.128,76.3275,136.696,16.77,8034,RandomForest,Measured CO2,1h,Brick First Floor,119129
0.472,67.8105,168.6751,10.68,12976,RandomForest,Measured CO2,1h,Brick Second Floor,119129
0.4539,60.5981,127.5085,11.27,16695,RandomForest,Measured CO2,1h,Brick Single Story,119129
0.5727,108.6331,228.5108,16.36,16338,RandomForest,Measured CO2,1h,Container No Insulation,119129
0.223,90.6219,197.5579,14.92,4902,RandomForest,Measured CO2,1h,Container With Insulation,119129
0.2918,59.954,119.184,11.74,12836,RandomForest,Measured CO2,1h,Mobile/Prefab,119129
0.1585,113.3976,218.1701,21.66,71347,RandomForest,Measured CO2,3h,ALL,119059
-1.069,114.2828,185.6432,26.38,7954,RandomForest,Measured CO2,3h,Brick First Floor,119059
0.2562,91.9812,200.6973,15.69,12906,RandomForest,Measured CO2,3h,Brick Second Floor,119059
0.2188,83.4873,152.7532,16.5,16605,RandomForest,Measured CO2,3h,Brick Single Story,119059
0.1992,174.74,313.3729,31.71,16228,RandomForest,Measured CO2,3h,Container No Insulation,119059
-0.245,132.1628,250.7065,23.03,4872,RandomForest,Measured CO2,3h,Container With Insulation,119059
-0.2271,88.2944,156.9126,18.17,12782,RandomForest,Measured CO2,3h,Mobile/Prefab,119059
0.0515,135.8378,232.2136,26.26,70609,RandomForest,Measured CO2,6h,ALL,118970
-0.7988,119.7493,173.7921,27.15,7818,RandomForest,Measured CO2,6h,Brick First Floor,118970
0.0824,115.6848,223.8912,20.52,12787,RandomForest,Measured CO2,6h,Brick Second Floor,118970
-0.0385,103.7548,174.5286,20.98,16452,RandomForest,Measured CO2,6h,Brick Single Story,118970
0.1249,210.7396,329.07,38.71,16041,RandomForest,Measured CO2,6h,Container No Insulation,118970
-0.371,153.9934,264.186,27.79,4821,RandomForest,Measured CO2,6h,Container With Insulation,118970
-0.3921,106.0728,167.4233,22.01,12690,RandomForest,Measured CO2,6h,Mobile/Prefab,118970
0.8212,1.2661,2.4939,36.29,83074,RandomForest,Measured PM2.5,11min,ALL,119252
0.8833,1.3552,2.2314,31.54,8081,RandomForest,Measured PM2.5,11min,Brick First Floor,119252
0.6793,1.5545,3.81,38.07,13011,RandomForest,Measured PM2.5,11min,Brick Second Floor,119252
0.8756,1.2374,1.9656,34.24,16741,RandomForest,Measured PM2.5,11min,Brick Single Story,119252
0.8002,1.3323,2.7972,35.08,16396,RandomForest,Measured PM2.5,11min,Container No Insulation,119252
0.8541,1.2315,2.0652,35.26,7683,RandomForest,Measured PM2.5,11min,Container With Insulation,119252
0.8732,1.0387,1.7096,40.76,21162,RandomForest,Measured PM2.5,11min,Mobile/Prefab,119252
0.7237,1.6518,3.0992,47.86,82994,RandomForest,Measured PM2.5,33min,ALL,119246
0.7653,1.9508,3.1667,46.09,8067,RandomForest,Measured PM2.5,33min,Brick First Floor,119246
0.5878,1.986,4.3211,50.77,12997,RandomForest,Measured PM2.5,33min,Brick Second Floor,119246
0.7812,1.646,2.6075,45.76,16725,RandomForest,Measured PM2.5,33min,Brick Single Story,119246
0.6785,1.7512,3.5463,46.73,16380,RandomForest,Measured PM2.5,33min,Container No Insulation,119246
0.7691,1.5101,2.5845,42.32,7675,RandomForest,Measured PM2.5,33min,Container With Insulation,119246
0.7892,1.3113,2.2029,52.14,21150,RandomForest,Measured PM2.5,33min,Mobile/Prefab,119246
0.5755,2.2035,3.842,70.18,82872,RandomForest,Measured PM2.5,1h,ALL,119237
0.6174,2.6971,4.0482,70.61,8046,RandomForest,Measured PM2.5,1h,Brick First Floor,119237
0.4511,2.7525,4.9901,77.99,12976,RandomForest,Measured PM2.5,1h,Brick Second Floor,119237
0.6421,2.1806,3.3366,67.72,16701,RandomForest,Measured PM2.5,1h,Brick Single Story,119237
0.4995,2.2191,4.4256,64.9,16356,RandomForest,Measured PM2.5,1h,Container No Insulation,119237
0.6553,1.8811,3.159,56.26,7663,RandomForest,Measured PM2.5,1h,Container With Insulation,119237
0.6169,1.8014,2.9633,77.97,21130,RandomForest,Measured PM2.5,1h,Mobile/Prefab,119237
0.0547,3.9242,5.7409,130.31,82464,RandomForest,Measured PM2.5,3h,ALL,119207
-0.1091,5.1251,6.9209,151.22,7976,RandomForest,Measured PM2.5,3h,Brick First Floor,119207
0.0073,4.6231,6.7109,147.36,12906,RandomForest,Measured PM2.5,3h,Brick Second Floor,119207
-0.0322,4.2659,5.6751,143.15,16621,RandomForest,Measured PM2.5,3h,Brick Single Story,119207
0.1639,3.2554,5.73,93.79,16276,RandomForest,Measured PM2.5,3h,Container No Insulation,119207
0.1423,3.3375,4.99,106.41,7623,RandomForest,Measured PM2.5,3h,Container With Insulation,119207
-0.0234,3.5008,4.8482,142.37,21062,RandomForest,Measured PM2.5,3h,Mobile/Prefab,119207
-0.6583,5.2953,7.6258,190.39,81771,RandomForest,Measured PM2.5,6h,ALL,119172
-0.7494,6.378,8.7474,215.43,7857,RandomForest,Measured PM2.5,6h,Brick First Floor,119172
-0.9972,6.8158,9.5523,242.75,12787,RandomForest,Measured PM2.5,6h,Brick Second Floor,119172
-1.5354,6.5684,8.8984,242.54,16485,RandomForest,Measured PM2.5,6h,Brick Single Story,119172
-0.0068,3.8862,6.3108,116.98,16140,RandomForest,Measured PM2.5,6h,Container No Insulation,119172
-0.2203,4.2791,5.9699,140.29,7555,RandomForest,Measured PM2.5,6h,Container With Insulation,119172
-0.5942,4.4113,6.0624,184.27,20947,RandomForest,Measured PM2.5,6h,Mobile/Prefab,119172
0.7797,1.4925,3.023,40.94,83074,RandomForest,Measured PM10,11min,ALL,119252
0.855,1.6192,2.6538,38.56,8081,RandomForest,Measured PM10,11min,Brick First Floor,119252
0.5672,2.0692,5.1006,48.69,13011,RandomForest,Measured PM10,11min,Brick Second Floor,119252
0.856,1.4203,2.238,39.46,16741,RandomForest,Measured PM10,11min,Brick Single Story,119252
0.8013,1.4974,3.0468,37.03,16396,RandomForest,Measured PM10,11min,Container No Insulation,119252
0.8315,1.3448,2.3942,36.09,7683,RandomForest,Measured PM10,11min,Container With Insulation,119252
0.8542,1.1966,1.9886,43.56,21162,RandomForest,Measured PM10,11min,Mobile/Prefab,119252
0.6634,1.9313,3.7346,53.37,82994,RandomForest,Measured PM10,33min,ALL,119246
0.7463,2.1867,3.5131,51.63,8067,RandomForest,Measured PM10,33min,Brick First Floor,119246
0.3514,2.9547,6.2469,73.32,12997,RandomForest,Measured PM10,33min,Brick Second Floor,119246
0.7702,1.7974,2.8288,49.74,16725,RandomForest,Measured PM10,33min,Brick Single Story,119246
0.6961,1.9129,3.7639,47.91,16380,RandomForest,Measured PM10,33min,Container No Insulation,119246
0.7719,1.586,2.7643,42.38,7675,RandomForest,Measured PM10,33min,Container With Insulation,119246
0.7797,1.4503,2.4432,52.81,21150,RandomForest,Measured PM10,33min,Mobile/Prefab,119246
0.5394,2.3841,4.3691,69.52,82872,RandomForest,Measured PM10,1h,ALL,119237
0.5957,2.8913,4.4399,72.33,8046,RandomForest,Measured PM10,1h,Brick First Floor,119237
0.2599,3.5968,6.6777,96.29,12976,RandomForest,Measured PM10,1h,Brick Second Floor,119237
0.6289,2.3103,3.5965,67.41,16701,RandomForest,Measured PM10,1h,Brick Single Story,119237
0.527,2.304,4.6968,61.27,16356,RandomForest,Measured PM10,1h,Container No Insulation,119237
0.6685,1.8997,3.3334,51.91,7663,RandomForest,Measured PM10,1h,Container With Insulation,119237
0.6792,1.7424,2.9405,66.03,21130,RandomForest,Measured PM10,1h,Mobile/Prefab,119237
0.0794,4.071,6.1813,129.58,82464,RandomForest,Measured PM10,3h,ALL,119207
-0.102,5.3605,7.3606,153.94,7976,RandomForest,Measured PM10,3h,Brick First Floor,119207
-0.0194,5.1202,7.8224,151.46,12906,RandomForest,Measured PM10,3h,Brick Second Floor,119207
-0.0257,4.4293,5.9886,145.76,16621,RandomForest,Measured PM10,3h,Brick Single Story,119207
0.1763,3.3768,6.208,93.68,16276,RandomForest,Measured PM10,3h,Container No Insulation,119207
0.1875,3.4151,5.2267,103.45,7623,RandomForest,Measured PM10,3h,Container With Insulation,119207
0.1252,3.4306,4.8597,133.34,21062,RandomForest,Measured PM10,3h,Mobile/Prefab,119207
-0.8366,6.111,8.7566,216.38,81771,RandomForest,Measured PM10,6h,ALL,119172
-0.9603,7.4834,9.8793,251.92,7857,RandomForest,Measured PM10,6h,Brick First Floor,119172
-1.1219,8.208,11.3271,279.47,12787,RandomForest,Measured PM10,6h,Brick Second Floor,119172
-2.0567,7.7944,10.3432,281.62,16485,RandomForest,Measured PM10,6h,Brick Single Story,119172
-0.069,4.3666,7.0979,132.01,16140,RandomForest,Measured PM10,6h,Container No Insulation,119172
-0.3639,4.802,6.7923,159.4,7555,RandomForest,Measured PM10,6h,Container With Insulation,119172
-0.6509,4.8074,6.6892,198.65,20947,RandomForest,Measured PM10,6h,Mobile/Prefab,119172
-39.6151,22.5164,22.7814,97.51,83074,Persistence,Measured T,11min,ALL,119253
-2.8494,6.3069,7.0134,26.06,83074,HistMean,Measured T,11min,ALL,119253
0.9858,0.2583,0.4266,1.09,83074,LightGBM,Measured T,11min,ALL,119253
0.9487,0.2475,0.4189,1.03,8081,LightGBM,Measured T,11min,Brick First Floor,119253
0.9713,0.2688,0.415,1.08,13011,LightGBM,Measured T,11min,Brick Second Floor,119253
0.9798,0.2007,0.3058,0.82,16741,LightGBM,Measured T,11min,Brick Single Story,119253
0.9895,0.285,0.4765,1.26,16396,LightGBM,Measured T,11min,Container No Insulation,119253
0.983,0.2943,0.5033,1.18,7683,LightGBM,Measured T,11min,Container With Insulation,119253
0.9877,0.2678,0.4467,1.15,21162,LightGBM,Measured T,11min,Mobile/Prefab,119253
-39.6892,22.5192,22.7839,97.5,82994,Persistence,Measured T,33min,ALL,119249
-2.8594,6.3107,7.0169,26.07,82994,HistMean,Measured T,33min,ALL,119249
0.9367,0.6157,0.8988,2.54,82994,LightGBM,Measured T,33min,ALL,119249
0.8137,0.5841,0.7981,2.39,8067,LightGBM,Measured T,33min,Brick First Floor,119249
0.8646,0.6394,0.9004,2.55,12997,LightGBM,Measured T,33min,Brick Second Floor,119249
0.8971,0.5108,0.6893,2.05,16725,LightGBM,Measured T,33min,Brick Single Story,119249
0.9556,0.6616,0.9792,2.91,16380,LightGBM,Measured T,33min,Container No Insulation,119249
0.9084,0.8026,1.165,3.16,7675,LightGBM,Measured T,33min,Container With Insulation,119249
0.9496,0.5927,0.9046,2.48,21150,LightGBM,Measured T,33min,Mobile/Prefab,119249
-39.8033,22.523,22.7875,97.5,82872,Persistence,Measured T,1h,ALL,119243
-2.8746,6.3159,7.022,26.09,82872,HistMean,Measured T,1h,ALL,119243
0.8788,0.8666,1.2419,3.61,82872,LightGBM,Measured T,1h,ALL,119243
0.696,0.7325,1.0186,2.98,8046,LightGBM,Measured T,1h,Brick First Floor,119243
0.7149,0.917,1.3046,3.65,12976,LightGBM,Measured T,1h,Brick Second Floor,119243
0.8281,0.6437,0.8894,2.59,16701,LightGBM,Measured T,1h,Brick Single Story,119243
0.9089,1.0078,1.4004,4.48,16356,LightGBM,Measured T,1h,Container No Insulation,119243
0.81,1.2081,1.674,4.79,7663,LightGBM,Measured T,1h,Container With Insulation,119243
0.9107,0.8299,1.204,3.53,21130,LightGBM,Measured T,1h,Mobile/Prefab,119243
-40.29,22.5342,22.7984,97.49,82464,Persistence,Measured T,3h,ALL,119223
-2.9322,6.3305,7.0356,26.12,82464,HistMean,Measured T,3h,ALL,119223
0.5716,1.7239,2.3223,7.19,82464,LightGBM,Measured T,3h,ALL,119223
0.3175,1.2177,1.5194,4.97,7976,LightGBM,Measured T,3h,Brick First Floor,119223
0.3671,1.5065,1.9311,5.98,12906,LightGBM,Measured T,3h,Brick Second Floor,119223
0.5239,1.1672,1.47,4.7,16621,LightGBM,Measured T,3h,Brick Single Story,119223
0.5302,2.4707,3.1518,10.86,16276,LightGBM,Measured T,3h,Container No Insulation,119223
0.4696,2.0871,2.7708,8.35,7623,LightGBM,Measured T,3h,Container With Insulation,119223
0.6408,1.7797,2.4073,7.49,21062,LightGBM,Measured T,3h,Mobile/Prefab,119223
-41.33,22.5537,22.8178,97.46,81771,Persistence,Measured T,6h,ALL,119205
-3.0474,6.3525,7.0557,26.16,81771,HistMean,Measured T,6h,ALL,119205
-0.1108,2.9065,3.6963,12.05,81771,LightGBM,Measured T,6h,ALL,119205
-0.8423,2.1483,2.4723,8.74,7857,LightGBM,Measured T,6h,Brick First Floor,119205
-0.3857,2.3647,2.8204,9.37,12787,LightGBM,Measured T,6h,Brick Second Floor,119205
-0.4981,2.2083,2.5695,8.93,16485,LightGBM,Measured T,6h,Brick Single Story,119205
-0.241,4.0358,5.0387,17.32,16140,LightGBM,Measured T,6h,Container No Insulation,119205
-0.4782,3.6488,4.5277,14.4,7555,LightGBM,Measured T,6h,Container With Insulation,119205
0.1165,2.9331,3.7462,12.48,20947,LightGBM,Measured T,6h,Mobile/Prefab,119205
-39.7918,50.5803,51.196,99.26,83074,Persistence,Measured RH,11min,ALL,119253
-2.7585,13.8941,15.5402,30.17,83074,HistMean,Measured RH,11min,ALL,119253
0.957,0.804,1.6624,1.89,83074,LightGBM,Measured RH,11min,ALL,119253
0.9354,0.7631,1.6877,1.84,8081,LightGBM,Measured RH,11min,Brick First Floor,119253
0.9393,0.691,1.5663,1.72,13011,LightGBM,Measured RH,11min,Brick Second Floor,119253
0.9144,0.7225,1.6305,1.82,16741,LightGBM,Measured RH,11min,Brick Single Story,119253
0.9685,0.9109,1.8991,2.09,16396,LightGBM,Measured RH,11min,Container No Insulation,119253
0.9494,0.7844,1.4462,1.65,7683,LightGBM,Measured RH,11min,Container With Insulation,119253
0.9537,0.8779,1.6112,1.99,21162,LightGBM,Measured RH,11min,Mobile/Prefab,119253
-39.8266,50.5751,51.1905,99.25,82994,Persistence,Measured RH,33min,ALL,119249
-2.765,13.8999,15.5453,30.18,82994,HistMean,Measured RH,33min,ALL,119249
0.9021,1.4363,2.5068,3.27,82994,LightGBM,Measured RH,33min,ALL,119249
0.8747,1.3332,2.3518,3.08,8067,LightGBM,Measured RH,33min,Brick First Floor,119249
0.8812,1.2142,2.1904,2.9,12997,LightGBM,Measured RH,33min,Brick Second Floor,119249
0.8421,1.2433,2.2148,2.97,16725,LightGBM,Measured RH,33min,Brick Single Story,119249
0.9118,1.826,3.1759,4.07,16380,LightGBM,Measured RH,33min,Container No Insulation,119249
0.848,1.493,2.5023,3.15,7675,LightGBM,Measured RH,33min,Container With Insulation,119249
0.8995,1.4423,2.3743,3.22,21150,LightGBM,Measured RH,33min,Mobile/Prefab,119249
-39.8814,50.5692,51.1841,99.25,82872,Persistence,Measured RH,1h,ALL,119243
-2.7739,13.9071,15.5513,30.2,82872,HistMean,Measured RH,1h,ALL,119243
0.8006,2.4195,3.5742,5.34,82872,LightGBM,Measured RH,1h,ALL,119243
0.7286,2.3719,3.4669,5.34,8046,LightGBM,Measured RH,1h,Brick First Floor,119243
0.7616,2.146,3.1038,4.96,12976,LightGBM,Measured RH,1h,Brick Second Floor,119243
0.703,2.0937,3.0396,4.81,16701,LightGBM,Measured RH,1h,Brick Single Story,119243
0.8231,2.9627,4.4897,6.37,16356,LightGBM,Measured RH,1h,Container No Insulation,119243
0.642,2.7775,3.8301,5.79,7663,LightGBM,Measured RH,1h,Container With Insulation,119243
0.7968,2.3126,3.3743,5.05,21130,LightGBM,Measured RH,1h,Mobile/Prefab,119243
-40.0394,50.5517,51.1659,99.25,82464,Persistence,Measured RH,3h,ALL,119223
-2.7999,13.9274,15.5692,30.25,82464,HistMean,Measured RH,3h,ALL,119223
0.3849,4.5515,6.2641,10.0,82464,LightGBM,Measured RH,3h,ALL,119223
0.4518,3.571,4.9527,7.96,7976,LightGBM,Measured RH,3h,Brick First Floor,119223
0.5427,3.2238,4.2981,7.33,12906,LightGBM,Measured RH,3h,Brick Second Floor,119223
0.3699,3.3519,4.4335,7.57,16621,LightGBM,Measured RH,3h,Brick Single Story,119223
0.352,6.258,8.5385,13.56,16276,LightGBM,Measured RH,3h,Container No Insulation,119223
-0.2789,5.5477,7.178,11.77,7623,LightGBM,Measured RH,3h,Container With Insulation,119223
0.2398,5.0037,6.521,10.94,21062,LightGBM,Measured RH,3h,Mobile/Prefab,119223
-40.2573,50.5216,51.1349,99.24,81771,Persistence,Measured RH,6h,ALL,119205
-2.8382,13.9573,15.5967,30.33,81771,HistMean,Measured RH,6h,ALL,119205
-0.1411,6.426,8.504,14.06,81771,LightGBM,Measured RH,6h,ALL,119205
0.0113,5.1007,6.6844,11.49,7857,LightGBM,Measured RH,6h,Brick First Floor,119205
0.2126,4.3031,5.6327,9.8,12787,LightGBM,Measured RH,6h,Brick Second Floor,119205
-0.1064,4.4991,5.8855,10.27,16485,LightGBM,Measured RH,6h,Brick Single Story,119205
-0.1099,8.3583,11.096,17.96,16140,LightGBM,Measured RH,6h,Container No Insulation,119205
-1.9613,8.9698,10.793,18.91,7555,LightGBM,Measured RH,6h,Container With Insulation,119205
-0.4719,7.3292,9.0577,15.85,20947,LightGBM,Measured RH,6h,Mobile/Prefab,119205
-4.632,511.035,563.4794,99.99,72002,Persistence,Measured CO2,11min,ALL,119171
-0.0756,172.0659,246.2464,33.51,72002,HistMean,Measured CO2,11min,ALL,119171
0.8985,28.213,75.6442,4.35,72002,LightGBM,Measured CO2,11min,ALL,119171
0.7418,27.0703,65.3804,5.09,8079,LightGBM,Measured CO2,11min,Brick First Floor,119171
0.8872,26.7692,77.8531,3.91,13011,LightGBM,Measured CO2,11min,Brick Second Floor,119171
0.9075,21.5014,52.4341,3.7,16740,LightGBM,Measured CO2,11min,Brick Single Story,119171
0.9201,37.9285,98.8551,4.89,16393,LightGBM,Measured CO2,11min,Container No Insulation,119171
0.8314,32.5713,91.9816,4.82,4917,LightGBM,Measured CO2,11min,Container With Insulation,119171
0.8031,25.078,62.8338,4.29,12862,LightGBM,Measured CO2,11min,Mobile/Prefab,119171
-4.6326,511.0077,563.446,99.99,71914,Persistence,Measured CO2,33min,ALL,119154
-0.0754,171.9557,246.196,33.49,71914,HistMean,Measured CO2,33min,ALL,119154
0.6911,54.9615,131.9563,8.89,71914,LightGBM,Measured CO2,33min,ALL,119154
0.3737,50.9544,101.7717,10.37,8061,LightGBM,Measured CO2,33min,Brick First Floor,119154
0.6713,49.4423,132.9783,7.38,12997,LightGBM,Measured CO2,33min,Brick Second Floor,119154
0.6887,42.2953,96.2011,7.44,16722,LightGBM,Measured CO2,33min,Brick Single Story,119154
0.7322,78.0321,180.896,10.84,16371,LightGBM,Measured CO2,33min,Container No Insulation,119154
0.4724,69.7174,162.6685,10.85,4911,LightGBM,Measured CO2,33min,Container With Insulation,119154
0.5402,44.5107,96.0058,8.16,12852,LightGBM,Measured CO2,33min,Mobile/Prefab,119154
-4.6311,511.0123,563.4707,99.99,71781,Persistence,Measured CO2,1h,ALL,119129
-0.0749,171.8399,246.1887,33.46,71781,HistMean,Measured CO2,1h,ALL,119129
0.4956,85.518,168.6425,15.36,71781,LightGBM,Measured CO2,1h,ALL,119129
-0.0937,84.6319,134.5995,18.71,8034,LightGBM,Measured CO2,1h,Brick First Floor,119129
0.4435,80.0248,173.1594,13.45,12976,LightGBM,Measured CO2,1h,Brick Second Floor,119129
0.4336,70.7828,129.8546,13.59,16695,LightGBM,Measured CO2,1h,Brick Single Story,119129
0.5632,117.4811,231.0382,18.4,16338,LightGBM,Measured CO2,1h,Container No Insulation,119129
0.2545,96.8405,193.5156,16.46,4902,LightGBM,Measured CO2,1h,Container With Insulation,119129
0.341,65.7832,114.967,13.2,12836,LightGBM,Measured CO2,1h,Mobile/Prefab,119129
-4.6193,511.1761,563.7845,99.99,71347,Persistence,Measured CO2,3h,ALL,119059
-0.0728,171.4827,246.3391,33.33,71347,HistMean,Measured CO2,3h,ALL,119059
0.2824,112.2518,201.4787,21.39,71347,LightGBM,Measured CO2,3h,ALL,119059
-0.4699,106.9689,156.4714,24.81,7954,LightGBM,Measured CO2,3h,Brick First Floor,119059
0.2729,97.1569,198.4318,16.86,12906,LightGBM,Measured CO2,3h,Brick Second Floor,119059
0.2457,85.4479,150.0987,17.04,16605,LightGBM,Measured CO2,3h,Brick Single Story,119059
0.3453,169.5027,283.3588,29.92,16228,LightGBM,Measured CO2,3h,Container No Insulation,119059
-0.086,130.7102,234.1457,23.31,4872,LightGBM,Measured CO2,3h,Container With Insulation,119059
0.0286,85.8803,139.6094,17.92,12782,LightGBM,Measured CO2,3h,Mobile/Prefab,119059
-4.6046,511.6462,564.4689,99.99,70609,Persistence,Measured CO2,6h,ALL,118970
-0.0686,170.8115,246.4764,33.09,70609,HistMean,Measured CO2,6h,ALL,118970
0.1596,125.062,218.5852,23.27,70609,LightGBM,Measured CO2,6h,ALL,118970
-0.3196,102.5342,148.8521,22.74,7818,LightGBM,Measured CO2,6h,Brick First Floor,118970
0.1983,103.6074,209.283,17.82,12787,LightGBM,Measured CO2,6h,Brick Second Floor,118970
0.1428,92.3678,158.5718,18.2,16452,LightGBM,Measured CO2,6h,Brick Single Story,118970
0.2099,196.9068,312.6864,33.98,16041,LightGBM,Measured CO2,6h,Container No Insulation,118970
-0.5934,175.6905,284.8037,31.72,4821,LightGBM,Measured CO2,6h,Container With Insulation,118970
-0.046,92.8953,145.1255,18.93,12690,LightGBM,Measured CO2,6h,Mobile/Prefab,118970
0.8417,0.6683,1.5453,27.71,83074,Persistence,Measured PM1.0,11min,ALL,119252
-0.0426,2.93,3.9653,101.64,83074,HistMean,Measured PM1.0,11min,ALL,119252
0.7532,1.0347,1.9293,42.36,83074,LightGBM,Measured PM1.0,11min,ALL,119252
0.8111,1.1954,1.8381,41.15,8081,LightGBM,Measured PM1.0,11min,Brick First Floor,119252
0.7481,1.2422,2.0596,45.94,13011,LightGBM,Measured PM1.0,11min,Brick Second Floor,119252
0.8271,0.9693,1.5289,38.9,16741,LightGBM,Measured PM1.0,11min,Brick Single Story,119252
0.6186,1.1107,2.7677,38.93,16396,LightGBM,Measured PM1.0,11min,Container No Insulation,119252
0.8193,0.8814,1.4494,35.92,7683,LightGBM,Measured PM1.0,11min,Container With Insulation,119252
0.7761,0.8942,1.4722,50.7,21162,LightGBM,Measured PM1.0,11min,Mobile/Prefab,119252
0.7444,0.8019,1.9631,31.61,82994,Persistence,Measured PM1.0,33min,ALL,119246
-0.0427,2.9303,3.965,101.67,82994,HistMean,Measured PM1.0,33min,ALL,119246
0.6221,1.3268,2.3869,51.56,82994,LightGBM,Measured PM1.0,33min,ALL,119246
0.6562,1.6174,2.4817,53.48,8067,LightGBM,Measured PM1.0,33min,Brick First Floor,119246
0.5771,1.6136,2.6696,57.72,12997,LightGBM,Measured PM1.0,33min,Brick Second Floor,119246
0.6876,1.2914,2.0557,49.54,16725,LightGBM,Measured PM1.0,33min,Brick Single Story,119246
0.5115,1.3646,3.1318,46.12,16380,LightGBM,Measured PM1.0,33min,Container No Insulation,119246
0.7265,1.0629,1.7801,40.31,7675,LightGBM,Measured PM1.0,33min,Container With Insulation,119246
0.6334,1.134,1.8815,59.26,21150,LightGBM,Measured PM1.0,33min,Mobile/Prefab,119246
0.6434,0.986,2.319,37.47,82872,Persistence,Measured PM1.0,1h,ALL,119237
-0.0427,2.931,3.9653,101.69,82872,HistMean,Measured PM1.0,1h,ALL,119237
0.5144,1.6189,2.7061,63.8,82872,LightGBM,Measured PM1.0,1h,ALL,119237
0.4767,2.1847,3.0651,75.3,8046,LightGBM,Measured PM1.0,1h,Brick First Floor,119237
0.4864,1.9222,2.9441,71.81,12976,LightGBM,Measured PM1.0,1h,Brick Second Floor,119237
0.5808,1.562,2.3826,60.47,16701,LightGBM,Measured PM1.0,1h,Brick Single Story,119237
0.4024,1.639,3.4653,56.96,16356,LightGBM,Measured PM1.0,1h,Container No Insulation,119237
0.6384,1.2007,2.0478,44.24,7663,LightGBM,Measured PM1.0,1h,Container With Insulation,119237
0.5297,1.3981,2.1253,72.29,21130,LightGBM,Measured PM1.0,1h,Mobile/Prefab,119237
0.3812,1.4732,3.0591,54.31,82464,Persistence,Measured PM1.0,3h,ALL,119207
-0.0421,2.9341,3.97,101.64,82464,HistMean,Measured PM1.0,3h,ALL,119207
0.0806,2.5664,3.729,106.33,82464,LightGBM,Measured PM1.0,3h,ALL,119207
-0.297,3.8492,4.8452,142.13,7976,LightGBM,Measured PM1.0,3h,Brick First Floor,119207
0.0169,3.1302,4.0758,128.87,12906,LightGBM,Measured PM1.0,3h,Brick Second Floor,119207
-0.0122,2.8489,3.7075,119.96,16621,LightGBM,Measured PM1.0,3h,Brick Single Story,119207
0.1479,2.2563,4.1452,79.72,16276,LightGBM,Measured PM1.0,3h,Container No Insulation,119207
0.317,1.8127,2.8191,66.36,7623,LightGBM,Measured PM1.0,3h,Container With Insulation,119207
0.13,2.0247,2.8936,104.35,21062,LightGBM,Measured PM1.0,3h,Mobile/Prefab,119207
0.0445,2.0239,3.8119,72.77,81771,Persistence,Measured PM1.0,6h,ALL,119172
-0.04,2.9366,3.977,101.0,81771,HistMean,Measured PM1.0,6h,ALL,119172
-0.2691,3.3613,4.3931,144.73,81771,LightGBM,Measured PM1.0,6h,ALL,119172
-0.3763,4.0988,5.0238,152.75,7857,LightGBM,Measured PM1.0,6h,Brick First Floor,119172
-0.4376,4.0862,4.9446,178.39,12787,LightGBM,Measured PM1.0,6h,Brick Second Floor,119172
-0.5821,3.7815,4.6354,168.25,16485,LightGBM,Measured PM1.0,6h,Brick Single Story,119172
-0.0487,2.9459,4.6154,107.92,16140,LightGBM,Measured PM1.0,6h,Container No Insulation,119172
-0.1843,2.8421,3.7229,121.02,7555,LightGBM,Measured PM1.0,6h,Container With Insulation,119172
-0.3069,2.8187,3.5532,139.57,20947,LightGBM,Measured PM1.0,6h,Mobile/Prefab,119172
-0.6735,4.8826,7.6305,99.35,83074,Persistence,Measured PM2.5,11min,ALL,119252
-0.0308,4.3261,5.9887,138.28,83074,HistMean,Measured PM2.5,11min,ALL,119252
0.7928,1.4035,2.6847,40.15,83074,LightGBM,Measured PM2.5,11min,ALL,119252
0.8586,1.5213,2.4562,34.33,8081,LightGBM,Measured PM2.5,11min,Brick First Floor,119252
0.6342,1.9411,4.0691,51.4,13011,LightGBM,Measured PM2.5,11min,Brick Second Floor,119252
0.8567,1.3392,2.1096,37.02,16741,LightGBM,Measured PM2.5,11min,Brick Single Story,119252
0.7522,1.4477,3.1157,36.42,16396,LightGBM,Measured PM2.5,11min,Container No Insulation,119252
0.8536,1.231,2.0682,35.05,7683,LightGBM,Measured PM2.5,11min,Container With Insulation,119252
0.8605,1.1071,1.7933,43.25,21162,LightGBM,Measured PM2.5,11min,Mobile/Prefab,119252
-0.674,4.8808,7.6287,99.34,82994,Persistence,Measured PM2.5,33min,ALL,119246
-0.0309,4.3265,5.9867,138.34,82994,HistMean,Measured PM2.5,33min,ALL,119246
0.6456,1.9495,3.5101,55.79,82994,LightGBM,Measured PM2.5,33min,ALL,119246
0.7031,2.3282,3.562,56.17,8067,LightGBM,Measured PM2.5,33min,Brick First Floor,119246
0.4242,2.7573,5.1073,75.85,12997,LightGBM,Measured PM2.5,33min,Brick Second Floor,119246
0.7089,1.9224,3.0074,54.39,16725,LightGBM,Measured PM2.5,33min,Brick Single Story,119246
0.6151,1.9193,3.8804,47.55,16380,LightGBM,Measured PM2.5,33min,Container No Insulation,119246
0.7256,1.6508,2.8174,45.04,7675,LightGBM,Measured PM2.5,33min,Container With Insulation,119246
0.7487,1.4617,2.4048,54.67,21150,LightGBM,Measured PM2.5,33min,Mobile/Prefab,119246
-0.6741,4.8796,7.6297,99.32,82872,Persistence,Measured PM2.5,1h,ALL,119237
-0.031,4.3274,5.9873,138.37,82872,HistMean,Measured PM2.5,1h,ALL,119237
0.5706,2.2074,3.8641,63.54,82872,LightGBM,Measured PM2.5,1h,ALL,119237
0.5414,3.0294,4.4317,79.09,8046,LightGBM,Measured PM2.5,1h,Brick First Floor,119237
0.4311,2.8755,5.08,79.62,12976,LightGBM,Measured PM2.5,1h,Brick Second Floor,119237
0.6253,2.21,3.4141,60.96,16701,LightGBM,Measured PM2.5,1h,Brick Single Story,119237
0.5142,2.1852,4.3602,56.18,16356,LightGBM,Measured PM2.5,1h,Container No Insulation,119237
0.6365,1.8091,3.244,48.53,7663,LightGBM,Measured PM2.5,1h,Container With Insulation,119237
0.6733,1.6437,2.7365,60.74,21130,LightGBM,Measured PM2.5,1h,Mobile/Prefab,119237
-0.674,4.8802,7.6396,99.25,82464,Persistence,Measured PM2.5,3h,ALL,119207
-0.0305,4.3324,5.994,138.27,82464,HistMean,Measured PM2.5,3h,ALL,119207
0.0718,4.035,5.6888,134.84,82464,LightGBM,Measured PM2.5,3h,ALL,119207
-0.131,5.5332,6.9889,168.12,7976,LightGBM,Measured PM2.5,3h,Brick First Floor,119207
-0.1961,5.6415,7.3662,187.84,12906,LightGBM,Measured PM2.5,3h,Brick Second Floor,119207
-0.0648,4.5518,5.7638,151.25,16621,LightGBM,Measured PM2.5,3h,Brick Single Story,119207
0.2044,3.3394,5.5894,94.47,16276,LightGBM,Measured PM2.5,3h,Container No Insulation,119207
0.3163,2.9523,4.4552,86.75,7623,LightGBM,Measured PM2.5,3h,Container With Insulation,119207
0.2416,3.0049,4.1735,125.29,21062,LightGBM,Measured PM2.5,3h,Mobile/Prefab,119207
-0.6748,4.8904,7.6635,99.18,81771,Persistence,Measured PM2.5,6h,ALL,119172
-0.0289,4.3364,6.0067,137.62,81771,HistMean,Measured PM2.5,6h,ALL,119172
-0.4137,5.3974,7.0408,190.34,81771,LightGBM,Measured PM2.5,6h,ALL,119172
-0.5916,6.7854,8.3434,215.49,7857,LightGBM,Measured PM2.5,6h,Brick First Floor,119172
-0.7191,7.1724,8.8623,243.89,12787,LightGBM,Measured PM2.5,6h,Brick Second Floor,119172
-0.9496,6.4838,7.803,229.14,16485,LightGBM,Measured PM2.5,6h,Brick Single Story,119172
0.0064,4.1322,6.2691,125.46,16140,LightGBM,Measured PM2.5,6h,Container No Insulation,119172
-0.1349,4.2708,5.7574,139.29,7555,LightGBM,Measured PM2.5,6h,Container With Insulation,119172
-0.2712,4.3194,5.4136,188.07,20947,LightGBM,Measured PM2.5,6h,Mobile/Prefab,119172
0.7784,1.2025,3.0321,31.63,83074,Persistence,Measured PM10,11min,ALL,119252
-0.0384,4.6757,6.5635,149.4,83074,HistMean,Measured PM10,11min,ALL,119252
0.7628,1.597,3.1371,43.66,83074,LightGBM,Measured PM10,11min,ALL,119252
0.8537,1.6278,2.6654,36.11,8081,LightGBM,Measured PM10,11min,Brick First Floor,119252
0.4897,2.7302,5.5384,70.9,13011,LightGBM,Measured PM10,11min,Brick Second Floor,119252
0.8684,1.3714,2.14,36.66,16741,LightGBM,Measured PM10,11min,Brick Single Story,119252
0.7871,1.5134,3.1538,36.68,16396,LightGBM,Measured PM10,11min,Container No Insulation,119252
0.8431,1.3423,2.3105,37.05,7683,LightGBM,Measured PM10,11min,Container With Insulation,119252
0.8601,1.2241,1.9477,42.92,21162,LightGBM,Measured PM10,11min,Mobile/Prefab,119252
0.6816,1.4292,3.6324,35.82,82994,Persistence,Measured PM10,33min,ALL,119246
-0.0385,4.6758,6.56,149.45,82994,HistMean,Measured PM10,33min,ALL,119246
0.5814,2.0924,4.165,56.01,82994,LightGBM,Measured PM10,33min,ALL,119246
0.7282,2.2462,3.6363,50.73,8067,LightGBM,Measured PM10,33min,Brick First Floor,119246
0.0561,3.9312,7.5362,100.47,12997,LightGBM,Measured PM10,33min,Brick Second Floor,119246
0.7514,1.7949,2.9419,47.44,16725,LightGBM,Measured PM10,33min,Brick Single Story,119246
0.6689,1.9252,3.9286,45.01,16380,LightGBM,Measured PM10,33min,Container No Insulation,119246
0.7516,1.6181,2.8846,41.8,7675,LightGBM,Measured PM10,33min,Container With Insulation,119246
0.7671,1.4407,2.5118,50.12,21150,LightGBM,Measured PM10,33min,Mobile/Prefab,119246
0.5713,1.7437,4.215,42.3,82872,Persistence,Measured PM10,1h,ALL,119237
-0.0385,4.6762,6.5603,149.46,82872,HistMean,Measured PM10,1h,ALL,119237
0.4664,2.8352,4.7024,86.58,82872,LightGBM,Measured PM10,1h,ALL,119237
0.4647,3.7233,5.1086,103.86,8046,LightGBM,Measured PM10,1h,Brick First Floor,119237
0.1657,4.3583,7.0902,129.25,12976,LightGBM,Measured PM10,1h,Brick Second Floor,119237
0.5521,2.7788,3.951,85.26,16701,LightGBM,Measured PM10,1h,Brick Single Story,119237
0.4873,2.511,4.8896,64.93,16356,LightGBM,Measured PM10,1h,Container No Insulation,119237
0.5843,2.2617,3.7332,64.77,7663,LightGBM,Measured PM10,1h,Container With Insulation,119237
0.6284,2.0652,3.1649,78.7,21130,LightGBM,Measured PM10,1h,Mobile/Prefab,119237
0.2837,2.5304,5.4526,61.09,82464,Persistence,Measured PM10,3h,ALL,119207
-0.0382,4.6795,6.5641,149.33,82464,HistMean,Measured PM10,3h,ALL,119207
-0.015,4.6503,6.4904,158.11,82464,LightGBM,Measured PM10,3h,ALL,119207
-0.1239,5.8942,7.4331,182.32,7976,LightGBM,Measured PM10,3h,Brick First Floor,119207
-0.3063,6.5776,8.855,210.78,12906,LightGBM,Measured PM10,3h,Brick Second Floor,119207
-0.146,5.0633,6.3303,172.57,16621,LightGBM,Measured PM10,3h,Brick Single Story,119207
0.1271,3.9899,6.3908,117.63,16276,LightGBM,Measured PM10,3h,Container No Insulation,119207
0.2585,3.3994,4.993,104.15,7623,LightGBM,Measured PM10,3h,Container With Insulation,119207
0.1201,3.6354,4.8738,157.39,21062,LightGBM,Measured PM10,3h,Mobile/Prefab,119207
-0.0652,3.3964,6.6687,82.41,81771,Persistence,Measured PM10,6h,ALL,119172
-0.0364,4.6822,6.5779,148.63,81771,HistMean,Measured PM10,6h,ALL,119172
-0.327,5.5775,7.4434,188.53,81771,LightGBM,Measured PM10,6h,ALL,119172
-0.407,6.694,8.3697,203.82,7857,LightGBM,Measured PM10,6h,Brick First Floor,119172
-0.5204,7.5082,9.5883,241.32,12787,LightGBM,Measured PM10,6h,Brick Second Floor,119172
-0.7693,6.4678,7.8692,219.43,16485,LightGBM,Measured PM10,6h,Brick Single Story,119172
-0.0228,4.5154,6.9427,133.63,16140,LightGBM,Measured PM10,6h,Container No Insulation,119172
-0.1334,4.3886,6.192,137.43,7555,LightGBM,Measured PM10,6h,Container With Insulation,119172
-0.2611,4.5265,5.8464,188.81,20947,LightGBM,Measured PM10,6h,Mobile/Prefab,119172
0.413,79.4512,181.9248,12.29,71781,SVR,Measured CO2,1h,ALL,40000
0.3058,88.8215,198.1647,13.88,71347,SVR,Measured CO2,3h,ALL,40000
0.5455,2.6301,3.9754,83.39,82872,SVR,Measured PM2.5,1h,ALL,40000
0.1145,4.1886,5.5564,148.31,82464,SVR,Measured PM2.5,3h,ALL,40000
0.475,3.0995,4.6643,99.87,82872,SVR,Measured PM10,1h,ALL,40000
0.1236,4.3845,6.0312,148.48,82464,SVR,Measured PM10,3h,ALL,40000
0.7386,51.1468,121.5426,7.900000095367432,71768,LSTM,Measured CO2,11min,ALL,118937
-0.0423,161.7108,242.6944,30.75,71680,LSTM,Measured CO2,33min,ALL,118920
-0.022,153.3599,240.3674,28.520000457763672,71547,LSTM,Measured CO2,1h,ALL,118895
-0.0257,155.2958,241.1836,29.0,71113,LSTM,Measured CO2,3h,ALL,118830
-0.0378,160.855,243.2262,30.420000076293945,70375,LSTM,Measured CO2,6h,ALL,118748
0.7095,1.5866,3.1792,37.04999923706055,82822,LSTM,Measured PM2.5,11min,ALL,119006
0.6619,1.8129,3.4307,45.86000061035156,82742,LSTM,Measured PM2.5,33min,ALL,119000
0.5271,2.2406,4.058,55.900001525878906,82620,LSTM,Measured PM2.5,1h,ALL,118991
0.3487,2.709,4.7707,65.83999633789062,82212,LSTM,Measured PM2.5,3h,ALL,118966
0.1525,3.1134,5.4579,66.77999877929688,81519,LSTM,Measured PM2.5,6h,ALL,118932
0.6717,1.9083,3.6898,48.060001373291016,82822,LSTM,Measured PM10,11min,ALL,119006
0.6266,2.0892,3.9359,56.150001525878906,82742,LSTM,Measured PM10,33min,ALL,119000
0.5548,2.1788,4.296,54.41999816894531,82620,LSTM,Measured PM10,1h,ALL,118991
0.369,2.7418,5.1238,63.459999084472656,82212,LSTM,Measured PM10,3h,ALL,118966
0.2244,3.2232,5.6971,73.88999938964844,81519,LSTM,Measured PM10,6h,ALL,118932
0.3938,84.7247,184.8729,13.47,71781,SVR,Measured CO2,1h,ALL,20000
0.2852,90.3053,201.072,14.09,71347,SVR,Measured CO2,3h,ALL,20000
0.5608,2.5042,3.9078,73.58,82872,SVR,Measured PM2.5,1h,ALL,20000
0.208,3.8202,5.2548,131.57,82464,SVR,Measured PM2.5,3h,ALL,20000
0.5012,2.855,4.5467,87.65,82872,SVR,Measured PM10,1h,ALL,20000
0.2362,3.7457,5.6304,115.98,82464,SVR,Measured PM10,3h,ALL,20000
-0.0338,158.4928,241.7122,29.899999618530273,71768,LSTM,Measured CO2,11min,ALL,80000
-0.0318,157.6619,241.4682,29.670000076293945,71680,LSTM,Measured CO2,33min,ALL,80000
-0.0433,162.0969,242.8543,30.850000381469727,71547,LSTM,Measured CO2,1h,ALL,80000
-0.0298,157.1141,241.6723,29.489999771118164,71113,LSTM,Measured CO2,3h,ALL,80000
-0.0265,156.2264,241.9043,29.18000030517578,70375,LSTM,Measured CO2,6h,ALL,80000
0.7254,1.5522,3.0911,36.630001068115234,82822,LSTM,Measured PM2.5,11min,ALL,80000
0.6455,1.9673,3.513,53.439998626708984,82742,LSTM,Measured PM2.5,33min,ALL,80000
0.5432,2.1011,3.9884,46.689998626708984,82620,LSTM,Measured PM2.5,1h,ALL,80000
-0.0391,161.1496,243.0119,30.540000915527344,71079,RF_LSTM,Measured CO2,1h,ALL,118435
0.1932,100.6822,214.4931,17.860000610351562,70645,RF_LSTM,Measured CO2,3h,ALL,118381
0.5898,2.0504,3.7884,48.11000061035156,82116,RF_LSTM,Measured PM2.5,1h,ALL,118507
0.2604,3.1569,5.096,89.88999938964844,81708,RF_LSTM,Measured PM2.5,3h,ALL,118487
0.5756,2.1216,4.2045,51.619998931884766,82116,RF_LSTM,Measured PM10,1h,ALL,118507
0.2919,3.2138,5.4407,87.31999969482422,81708,RF_LSTM,Measured PM10,3h,ALL,118487
0.4633,72.4521,174.1776,11.270000457763672,71547,RF_LSTM,Measured CO2,1h,ALL,118895
-0.0232,154.1696,240.8968,28.700000762939453,71113,RF_LSTM,Measured CO2,3h,ALL,118830
0.5681,2.1461,3.878,55.09000015258789,82620,RF_LSTM,Measured PM2.5,1h,ALL,118991
-0.0441,162.1493,242.6832,30.889999389648438,71742,RF_LSTM,Measured CO2,1h,ALL,119090
-0.017,150.7914,239.8995,27.81999969482422,71308,RF_LSTM,Measured CO2,3h,ALL,119020
0.5922,2.1012,3.7663,52.70000076293945,82830,RF_LSTM,Measured PM2.5,1h,ALL,119196
0.3098,3.0156,4.9062,83.62999725341797,82422,RF_LSTM,Measured PM2.5,3h,ALL,119166
0.5644,2.1881,4.2496,48.9900016784668,82830,RF_LSTM,Measured PM10,1h,ALL,119196
0.3035,3.0552,5.3776,74.2699966430664,82422,RF_LSTM,Measured PM10,3h,ALL,119166
